{
    "ret": 1.1918549182216067,
    "CamMtx": [
        [
            1117.2478689772736,
            0.0,
            439.84208203816615
        ],
        [
            0.0,
            1135.431248734134,
            544.2548728019902
        ],
        [
            0.0,
            0.0,
            1.0
        ]
    ],
    "dist": [
        [
            0.029095175182470828,
            1.2259211029498884,
            -0.023901488740535177,
            -0.017194975387871198,
            -3.5011712983654086
        ]
    ],
    "rvecs": [
        [
            [
                -0.06355322087972624
            ],
            [
                0.1116468919015478
            ],
            [
                1.5657509949731827
            ]
        ],
        [
            [
                -0.762433248799205
            ],
            [
                0.301890873263731
            ],
            [
                0.6982008874502807
            ]
        ],
        [
            [
                -0.5718196644755018
            ],
            [
                0.06892061320832384
            ],
            [
                0.07607150695498247
            ]
        ]
    ],
    "tvecs": [
        [
            [
                2.6664324436241733
            ],
            [
                0.6329371072823161
            ],
            [
                15.753942696105964
            ]
        ],
        [
            [
                0.44929126613164444
            ],
            [
                -1.039808948704373
            ],
            [
                16.544329503359887
            ]
        ],
        [
            [
                -2.3747219264637116
            ],
            [
                -0.9216970818683703
            ],
            [
                15.28791268320129
            ]
        ]
    ]
}